Marca,Precio,Producto
Salvatore Ferragamo,"$7,950.00",Cosmetiquera
Salvatore Ferragamo,"$46,200.00",Bolso de mano Gancini
Salvatore Ferragamo,"$17,950.00",Bolso mini con lazo Vara
Salvatore Ferragamo,"$47,400.00",Bolso crossbody en piel
Salvatore Ferragamo,"$49,400.00",Bolso satchel en piel
Salvatore Ferragamo,"$14,200.00",Bolso pequeño
Salvatore Ferragamo,"$34,950.00",Bolso satchel en piel
Burberry,"$45,990.00",Bolso satchel en piel
Salvatore Ferragamo,"$34,950.00",Bolso lazo Vara con solapa frontal
Salvatore Ferragamo,"$49,400.00",Ferragamo Studio bag
Salvatore Ferragamo,"$47,400.00",Bolso de Mano Gancini
Salvatore Ferragamo,"$47,400.00",Bolso de Mano Gancini
Salvatore Ferragamo,"$40,500.00",Bolso crossbody animal skin
Salvatore Ferragamo,"$49,400.00",Bolso Sofia
Burberry,"$25,990.00",Bolso satchel en piel
Burberry,"$41,990.00",Bolso crossbody en piel
Burberry,"$39,990.00",Bolso tote en piel
Burberry,"$41,990.00",Bolso crossbody en piel
Salvatore Ferragamo,"$34,950.00",Tote Ferragamo Studio bag
Salvatore Ferragamo,"$26,600.00",Bolso compacto Gancini
Salvatore Ferragamo,"$42,000.00",Bolso Gancini con solapa frontal
Salvatore Ferragamo,"$17,600.00",Bolso mini lazo Vara
Givenchy,"$18,800.00",Bolso crossbody
Burberry,"$39,990.00",Bolso tote en piel
Burberry,"$23,990.00",Bolso Crossbody en piel
Burberry,"$49,990.00",Bolso crossbody en piel
Burberry,"$39,990.00",Bolso tote en piel
Burberry,"$39,990.00",Bolso tote en piel
Loewe,"$52,750.00",Bolso backpack en piel
Balenciaga,"$41,920.00",Bolso shopper con grafiti de piel
Dolce & Gabbana,"$51,000.00",Bolso crossbody de piel con animal print
Dolce & Gabbana,"$30,000.00",Bolso crossbody de piel
Givenchy,"$37,500.00",Bolso Tote
Balenciaga,"$24,800.00",Bolso crossbody en piel
Alexander McQueen,"$29,500.00",Bolso tote de piel
Balenciaga,"$24,500.00",Bolso crossbody
JW Anderson,"$21,900.00",Bolso crossbody en piel
JW Anderson,"$15,900.00",Bolso crossbody en piel
Loewe,"$43,900.00",Bolso backpack en piel
Loewe,"$46,450.00",Bolso backpack en piel
Loewe,"$25,550.00",Bolso crossbody en piel
Loewe,"$38,700.00",Bolso crossbody en piel
Loewe,"$46,450.00",Bolso satchel en piel
Loewe,"$41,300.00",Bolso crossbody en piel
Dolce & Gabbana,"$51,000.00",Bolso shoulder de piel
Dolce & Gabbana,"$42,000.00",Bolso tote de piel con animal print
Alexander McQueen,"$34,750.00",Bolso tote de piel
Alexander McQueen,"$36,990.00",Bolso backpack de piel
Givenchy,"$45,800.00",Bolso satchel de piel
MaxMara,"$36,590.00",Bolso tote en piel
Givenchy,"$41,000.00",Bolso Whip Piel
Balenciaga,"$46,000.00",Bolso satchel en piel
JW Anderson,"$25,700.00",Bolso crossbody en piel
JW Anderson,"$30,500.00",Bolso satchel en piel
Loewe,"$51,600.00",Bolso satchel en piel
Loewe,"$21,950.00",Bolso crossbody en piel
Loewe,"$46,700.00",Bolso tote en piel con hojas
Givenchy,"$27,900.00",Bolso Cangurera Piel
Givenchy,"$35,400.00",Bolso crossbody de piel granulada
Givenchy,"$50,300.00",Bolso Whip Piel
Givenchy,"$50,300.00",Bolso Whip Piel
Givenchy,"$42,800.00",Bolso satchel de piel
Givenchy,"$42,800.00",Bolso Gem Piel Capitonado
Alexander McQueen,"$52,500.00",Bolso crossbody de piel
Alexander McQueen,"$29,500.00",Bolso Butterfly Piel
JW Anderson,"$15,900.00",Bolso crossbody de piel
Loewe,"$49,050.00",Bolso backpack en piel
Loewe,"$43,900.00",Bolso crossbody en piel
Loewe,"$49,050.00",Bolso crossbody en piel
Loewe,"$23,100.00",Bolso crossbody en piel
Givenchy,"$8,900.00",Bolso Pouch algodón Flores
Givenchy,"$43,900.00",Bolso Bucket Piel
Givenchy,"$32,800.00",Bolso crossbody de piel granulada
Givenchy,"$42,800.00",Bolso Bucket Piel
Balenciaga,"$43,800.00",Bolso satchel en piel
JW Anderson,"$30,500.00",Bolso satchel en piel
Alexander McQueen,"$34,900.00",Bolso clutch Mujer
Alexander McQueen,"$34,900.00",Bolso tote de piel
JW Anderson,"$30,500.00",Bolso satchel en piel
Loewe,"$46,450.00",Bolso crossbody en piel
Loewe,"$27,600.00",Bolso crossbody en piel floral
Loewe,"$25,550.00",Bolso crossbody en piel
Loewe,"$54,500.00",Bolso tote en piel
Loewe,"$24,500.00",Bolso crossbody en piel
Alexander McQueen,"$49,500.00",Bolso crossbody de piel
Givenchy,"$41,000.00",Bolso Whip Piel
Givenchy,"$27,900.00",Cangurera Piel
Givenchy,"$42,200.00",Bolso Piel
JW Anderson,"$21,900.00",Bolso crossbody en piel
JW Anderson,"$15,900.00",Bolso crossbody de piel
JW Anderson,"$28,300.00",Bolso crossbody en piel
Alexander McQueen,"$52,500.00",Bolso crossbody de piel
Off-White,"$25,600.00",Bolso crossbody
Balenciaga,"$43,800.00",Bolso crossbody de piel
Balenciaga,"$42,900.00",Bolso crossbody de piel granulada
Givenchy,"$37,500.00",Bolso crossbody en piel
Burberry,"$48,990.00",Bolso crossbody en piel
Burberry,"$27,990.00",Bolso tote en piel
Burberry,"$39,990.00",Bolso satchel en piel en monogram
Burberry,"$14,490.00",Bolso sobre en piel
Chloé,"$39,200.00",Bolso satchel de piel
Burberry,"$29,990.00",Bolso backpack monogram
Burberry,"$45,990.00",Bolso tote en piel
Givenchy,"$32,800.00",Bolso shoulder
Givenchy,"$32,800.00",Bolso shoulder de piel
Givenchy,"$45,800.00",Bolso satchel de piel
Versace,"$45,700.00",Bolso crossbody en piel
Givenchy,"$46,700.00",Bolso satchel de piel con animal print
Givenchy,"$48,500.00",Bolso crossbody en piel con rombos
Givenchy,"$42,800.00",Bolso clutch de piel
Givenchy,"$42,800.00",Bolso crossbody en piel con rombos
Givenchy,"$41,000.00",Bolso crossbody
Burberry,"$47,990.00",Bolso satchel en piel
Givenchy,"$48,500.00",Bolso crossbody en piel con rombos
Givenchy,"$48,500.00",Bolso crossbody en piel
Givenchy,"$48,500.00",Bolso tote en piel
Givenchy,"$42,800.00",Bolso Tote
Givenchy,"$32,800.00",Bolso shoulder de piel
Givenchy,"$23,500.00",Bolso wristlet Mujer
Givenchy,"$48,500.00",Bolso crossbody en piel con rombos
Givenchy,"$35,500.00",Bolso crossbody de piel
Givenchy,"$37,500.00",Bolso shoulder de piel
Versace,"$51,100.00",Bolso crossbody
Chloé,"$40,200.00",Bolso crossbody Piel
Givenchy,"$42,800.00",Bolso satchel de piel
Givenchy,"$42,800.00",Bolso satchel de piel
Balenciaga,"$46,800.00",Bolso satchel en piel
Givenchy,"$18,800.00",Bolso tote capitonado
Givenchy,"$23,500.00",Bolso crossbody en piel
Givenchy,"$18,800.00",Bolso crossbody en piel con rombos
Burberry,"$33,990.00",Bolso bucket
Chloé,"$29,200.00",Bolso crossbody
Chloé,"$41,700.00",Bolso satchel con franjas de piel
Chloé,"$20,000.00",Bolso crossbody en piel
Chloé,"$40,200.00",Bolso crossbody
Chloé,"$41,700.00",Bolso satchel de piel en charol
Chloé,"$32,600.00",Bolso crossbody
Chloé,"$35,700.00",Bolso crossbody de piel con charol
Burberry,"$21,990.00",Bolso crossbody
Burberry,"$24,990.00",Bolso clutch de piel
Burberry,"$27,990.00",Bolso tote en piel
Salvatore Ferragamo,"$17,950.00",Mini bolsa con cierre de clip
Jimmy Choo,"$20,200.00",Bolso clutch con estrellas
Salvatore Ferragamo,"$15,600.00",Bolso mini con lazo Vara
